Node,Risk
Supplier A,0.5509042143821716
Port X,0.557232141494751
Factory B,0.43814146518707275
DC 1,0.33819299936294556
